id;name;type;owner_id;date_made;price_per_hour
1;Barbara;speed;2;5/8/12;192,752
2;Samuel;yacht;3;5/8/12;162,867
3;Monica;speed;3;5/8/12;236,476
4;Nathan;sail;1;5/9/12;136,619
5;Pauline;speed;21;5/10/12;111,136
6;firstName;sail;2;5/10/12;215,935
7;Malcolm;sail;29;5/12/12;178,337
8;Penny;yacht;53;5/15/12;117,743
9;Priscilla;speed;47;5/16/12;176,179
10;Janice;sail;5;5/16/12;277,615
11;Megan;sail;52;5/16/12;161,954
12;Cynthia;speed;49;5/19/12;51,2311
13;Roberta;speed;63;5/19/12;211,243
14;Lorraine;sail;58;5/19/12;124,112
15;Edwin;speed;73;5/20/12;230,806
16;Juanita;sail;66;5/20/12;145,745
17;Charles;banana;51;5/20/12;183,446
18;Nina;sail;14;5/21/12;236,63
19;Lloyd;speed;22;5/22/12;197,463
20;Nina;sail;12;5/23/12;278,674
21;Christian;speed;56;5/23/12;20
22;Philip;speed;58;5/23/12;178,501
23;Phillip;speed;13;5/24/12;178,39
24;Jeffrey;yacht;33;5/24/12;186,249
25;Wayne;sail;84;5/26/12;104,252
26;Helen;sail;85;5/26/12;300,864
27;Maxine;banana;105;5/28/12;183,042
28;Edith;house;84;6/1/12;239,012
29;Willie;sail;42;6/1/12;231,214
30;Laurie;speed;60;6/2/12;249,546
31;Lynne;sail;38;6/2/12;238,449
32;Maurice;house;19;6/2/12;211,377
33;Kristine;speed;109;6/3/12;160,669
34;Vicki;speed;112;6/4/12;231,746
35;Bill;sail;47;6/6/12;226,268
36;Melanie;sail;19;6/7/12;193,439
37;Craig;yacht;169;6/8/12;267,885
38;Grace;sail;9;6/8/12;196,515
39;Brent;banana;143;6/9/12;282,616
40;Molly;speed;23;6/9/12;199,794
41;Vincent;banana;49;6/10/12;241,791
42;Priscilla;speed;56;6/11/12;278,23
43;Gail;sail;94;6/14/12;118,215
44;Danny;speed;28;6/14/12;206,083
45;John;yacht;167;6/14/12;171,15
46;Charlie;speed;83;6/16/12;125,714
47;Faye;speed;7;6/16/12;221,587
48;Joanne;house;132;6/17/12;110,544
49;Cynthia;speed;215;6/18/12;176,865
50;Carl;house;156;6/19/12;189,087
51;Cheryl;sail;222;6/22/12;182,978
52;Billy;yacht;85;6/22/12;139,652
53;Zachary;house;34;6/23/12;249,803
54;Ricky;sail;51;6/24/12;234,756
55;Jessie;speed;186;6/24/12;214,058
56;Lucy;sail;11;6/24/12;191,221
57;Ian;house;226;6/26/12;178,83
58;Larry;sail;15;6/26/12;280,825
59;Matthew;sail;255;6/26/12;233,182
60;Carla;speed;241;6/26/12;271,449
61;Theodore;sail;83;6/28/12;270,93
62;Hannah;sail;242;6/29/12;204,886
63;Calvin;sail;97;7/3/12;236,122
64;Arlene;sail;96;7/4/12;175,515
65;Harold;sail;109;7/5/12;187,253
66;Patricia;banana;45;7/7/12;188,231
67;Alan;speed;155;7/8/12;275,833
68;Terri;speed;148;7/9/12;168,931
69;Anna;banana;312;7/11/12;238,116
70;Carol;house;172;7/12/12;190,758
71;Glen;banana;87;7/13/12;99,3781
72;Nelson;speed;26;7/14/12;212,799
73;Crystal;sail;94;7/14/12;156,998
74;Renee;sail;177;7/15/12;184,567
75;Ryan;sail;365;7/16/12;286,602
76;Jerry;sail;396;7/17/12;96,0112
77;Vernon;banana;161;7/18/12;106,059
78;Melissa;banana;31;7/19/12;168,432
79;Douglas;yacht;255;7/20/12;175,865
80;Howard;sail;436;7/21/12;249,622
81;Randall;sail;8;7/24/12;210,922
82;Alicia;house;272;7/27/12;231,008
83;Crystal;speed;64;7/27/12;193,244
84;Edward;sail;130;7/27/12;186,639
85;Leah;sail;487;7/28/12;269,256
86;Maxine;sail;43;7/28/12;201,64
87;Lori;speed;72;7/29/12;144,349
88;Floyd;sail;221;7/31/12;146,459
89;Ian;speed;422;8/1/12;164,701
90;Thomas;speed;316;8/3/12;210,577
91;Joel;sail;518;8/3/12;224,872
92;Brandon;speed;477;8/7/12;116,538
93;Rose;speed;194;8/9/12;167,213
94;Wendy;speed;443;8/9/12;191,277
95;Marjorie;yacht;216;8/11/12;140,074
96;Max;speed;394;8/12/12;319,747
97;Terri;speed;158;8/13/12;227,345
98;Cecil;sail;97;8/13/12;32,4945
99;Jeremy;sail;151;8/13/12;290,358
100;Leslie;banana;386;8/14/12;298,293
101;Melinda;speed;519;8/15/12;231,111
102;Lucille;sail;616;8/17/12;115,164
103;Amanda;banana;268;8/19/12;143,576
104;Colleen;sail;465;8/20/12;237,502
105;James;sail;536;8/20/12;312,312
106;Brett;sail;346;8/22/12;236,528
107;Carlos;yacht;455;8/25/12;280,354
108;Phyllis;speed;79;8/25/12;87,404
109;Ralph;sail;616;8/26/12;115,816
110;Teresa;sail;468;8/27/12;291,826
111;Brandon;sail;478;8/28/12;167,869
112;Allison;sail;99;9/1/12;72,2445
113;Ken;house;148;9/2/12;241,744
114;Sheryl;sail;408;9/2/12;241,807
115;Robert;speed;521;9/4/12;200,958
116;Tim;speed;54;9/6/12;278,948
117;Gina;house;501;9/6/12;245,986
118;Christopher;sail;410;9/7/12;233,19
119;Mitchell;yacht;761;9/8/12;221,95
120;Patricia;speed;349;9/8/12;219,237
121;Mildred;speed;274;9/9/12;107,904
122;Melinda;sail;480;9/11/12;133,178
123;Phyllis;house;322;9/12/12;130,844
124;Danny;banana;477;9/12/12;215,687
125;Marie;sail;122;9/14/12;228,866
126;Doris;sail;624;9/15/12;163,781
127;Danielle;sail;201;9/15/12;237,385
128;Hilda;house;80;9/17/12;232,702
129;Paige;sail;38;9/19/12;148,785
130;Sheryl;yacht;200;9/19/12;204,706
131;Michael;banana;847;9/19/12;61,3498
132;Wallace;house;337;9/20/12;206,372
133;Annette;sail;137;9/23/12;126,517
134;Don;banana;852;9/24/12;126,479
135;Virginia;sail;3;9/24/12;167,076
136;George;speed;835;9/25/12;232,881
137;Jim;speed;579;9/25/12;215,15
138;Albert;yacht;267;9/25/12;139,575
139;Stephanie;sail;48;9/25/12;280,094
140;Denise;speed;147;9/26/12;320,022
141;Alexandra;yacht;752;9/27/12;283,212
142;Roberta;banana;695;9/27/12;164,844
143;Courtney;sail;293;9/27/12;227,746
144;Ronald;sail;851;9/28/12;106,917
145;Debbie;sail;820;9/28/12;237,994
146;Milton;sail;601;9/28/12;225,126
147;Dennis;sail;190;9/29/12;268,583
148;Gregory;speed;951;9/29/12;212,817
149;Jennifer;speed;49;9/29/12;115,563
150;Cheryl;speed;758;9/29/12;222,538
151;Joe;house;687;9/29/12;267,075
152;Jennifer;house;653;9/30/12;157,714
153;Penny;sail;688;10/1/12;224,058
154;Vicki;speed;721;10/3/12;196,172
155;Wendy;speed;1013;10/3/12;172,204
156;Bruce;yacht;89;10/3/12;227,695
157;Tammy;house;81;10/4/12;219,942
158;Colleen;speed;1040;10/5/12;286,251
159;Erica;sail;841;10/5/12;101,782
160;Bobby;yacht;318;10/5/12;255,15
161;Charlotte;sail;553;10/6/12;167,684
162;Robert;speed;98;10/6/12;102,034
163;Carol;banana;189;10/6/12;191,386
164;Mark;sail;463;10/7/12;253,731
165;Brandon;yacht;702;10/7/12;178,93
166;Jerry;sail;827;10/8/12;186,921
167;Terry;house;1060;10/8/12;255,574
168;Jose;house;451;10/8/12;198,802
169;Shirley;banana;587;10/8/12;249,9
170;Allan;sail;552;10/8/12;254,633
171;Natalie;house;878;10/8/12;150,315
172;Jennifer;speed;891;10/9/12;201,011
173;Katie;house;290;10/10/12;226,542
174;Edith;house;174;10/10/12;293,944
175;Maria;speed;760;10/11/12;169,815
176;Gene;banana;147;10/11/12;208,099
177;Mitchell;sail;1090;10/11/12;154,776
178;Margaret;yacht;353;10/11/12;233,34
179;Peggy;yacht;597;10/11/12;126,124
180;Diana;sail;150;10/11/12;232,158
181;Renee;yacht;779;10/12/12;205,061
182;Leslie;house;306;10/13/12;210,78
183;Joe;sail;552;10/13/12;182,822
184;Mike;yacht;310;10/13/12;199,837
185;Milton;sail;1010;10/14/12;221,547
186;Willie;speed;238;10/14/12;205,389
187;Joyce;banana;661;10/14/12;120,275
188;Dean;speed;333;10/14/12;144,081
189;Alicia;sail;688;10/15/12;160,976
190;Lee;speed;1018;10/17/12;209,043
191;Maxine;sail;882;10/17/12;141,092
192;Nicole;speed;409;10/17/12;158,106
193;Scott;sail;930;10/18/12;193,507
194;Robert;house;503;10/18/12;186,329
195;Charlene;banana;246;10/18/12;194,894
196;Eddie;speed;1037;10/18/12;197,273
197;June;sail;76;10/18/12;280,036
198;Maureen;speed;1125;10/19/12;172,884
199;Anne;sail;65;10/19/12;126,09
200;Danny;sail;1041;10/19/12;141,699
201;Amanda;sail;61;10/19/12;325,206
202;Alvin;speed;905;10/20/12;195,058
203;Florence;house;446;10/21/12;130,302
204;Debbie;house;69;10/22/12;157,762
205;Philip;sail;1078;10/23/12;256,919
206;Veronica;sail;658;10/23/12;166,686
207;Phyllis;yacht;407;10/23/12;179,644
208;Leslie;sail;289;10/23/12;235,113
209;Kelly;yacht;1222;10/24/12;335,218
210;Jon;sail;591;10/25/12;214,084
211;Jacob;speed;858;10/25/12;193,989
212;Dan;speed;679;10/25/12;106,719
213;Terri;speed;1165;10/25/12;221,914
214;Raymond;sail;365;10/26/12;123,502
215;Clarence;sail;367;10/28/12;290,166
216;Carlos;sail;588;10/28/12;142,967
217;Irene;sail;932;10/28/12;189,964
218;Clarence;house;555;10/29/12;261,212
219;Wade;speed;48;10/29/12;215,943
220;Jeanette;banana;177;10/31/12;130,798
221;Stephanie;speed;1245;10/31/12;185,775
222;Carl;house;235;11/1/12;165,779
223;Carol;sail;683;11/1/12;131,287
224;Malcolm;speed;527;11/1/12;187,299
225;Rachel;house;602;11/2/12;181,93
226;Jean;speed;443;11/2/12;139,358
227;Janet;yacht;599;11/2/12;249,072
228;Brent;sail;512;11/3/12;216,96
229;Suzanne;speed;552;11/3/12;312,492
230;Amanda;sail;941;11/3/12;200,221
231;Sean;sail;1164;11/4/12;153,717
232;Diana;sail;1263;11/6/12;301,761
233;Frank;speed;214;11/6/12;261,236
234;Jesse;sail;346;11/6/12;253,364
235;Ray;banana;582;11/7/12;116,712
236;Cynthia;banana;511;11/8/12;308,145
237;Robyn;sail;800;11/8/12;180,552
238;Nicholas;sail;1377;11/9/12;148,343
239;Darlene;sail;1113;11/9/12;184,801
240;Elsie;sail;204;11/9/12;124,381
241;Lorraine;sail;219;11/9/12;237,495
242;Jeanne;speed;336;11/9/12;263,605
243;Rhonda;sail;1345;11/10/12;148,664
244;Jan;yacht;331;11/10/12;179,329
245;Darlene;yacht;559;11/10/12;263,193
246;Nicole;speed;715;11/11/12;142,207
247;Douglas;speed;809;11/11/12;208,597
248;Kurt;banana;1096;11/14/12;288,277
249;Michael;speed;461;11/14/12;236,367
250;Jesse;speed;367;11/14/12;144,398
251;Meredith;house;183;11/14/12;176,75
252;Joanne;house;1426;11/15/12;249,449
253;Heidi;sail;1145;11/15/12;258,803
254;Joshua;house;927;11/15/12;181,154
255;Debra;speed;895;11/17/12;145,763
256;Doris;sail;1200;11/18/12;251,382
257;Charles;house;255;11/18/12;162,777
258;Rhonda;sail;5;11/18/12;194,158
259;Tamara;yacht;1376;11/18/12;127,836
260;Valerie;speed;1487;11/20/12;151,631
261;Derek;banana;1374;11/20/12;202,03
262;Jackie;speed;1307;11/20/12;267,545
263;Joy;sail;953;11/21/12;275,009
264;Andrea;banana;713;11/21/12;227,734
265;Bernice;sail;685;11/21/12;207,82
266;Betsy;speed;198;11/21/12;298,712
267;Toni;sail;301;11/22/12;242,119
268;Eleanor;house;1292;11/23/12;235,629
269;Jeanette;speed;1252;11/23/12;84,7511
270;Kyle;house;1141;11/23/12;200,091
271;Shelley;yacht;477;11/24/12;182,498
272;Richard;speed;128;11/24/12;177,813
273;Thelma;yacht;1163;11/25/12;282,66
274;Jimmy;house;856;11/25/12;290,284
275;Joe;house;310;11/25/12;200,567
276;Gordon;sail;574;11/25/12;103,415
277;Wayne;speed;1175;11/26/12;174,08
278;Kathleen;sail;1053;11/26/12;242,074
279;Laurie;sail;188;11/27/12;147,857
280;Patrick;speed;880;11/27/12;135,571
281;Herman;sail;252;11/27/12;205,165
282;Eileen;banana;38;11/27/12;226,116
283;Elsie;banana;335;11/27/12;170,635
284;Kathy;sail;558;11/28/12;148,699
285;Harvey;banana;340;11/29/12;218,521
286;Scott;speed;365;11/29/12;283,561
287;William;banana;493;11/29/12;138,484
288;Warren;banana;1043;12/1/12;244,879
289;Julie;speed;167;12/2/12;267,646
290;Tiffany;sail;1679;12/2/12;152,505
291;Richard;speed;743;12/2/12;182,572
292;Kerry;sail;1666;12/2/12;153,818
293;Melanie;speed;548;12/2/12;170,661
294;Laura;speed;1598;12/3/12;318,548
295;Alexandra;speed;1017;12/3/12;103,075
296;Dana;banana;858;12/3/12;220,001
297;Gordon;sail;267;12/4/12;159,215
298;Daniel;speed;817;12/4/12;199,382
299;Peter;sail;425;12/4/12;81,5105
300;Earl;speed;91;12/5/12;200,857
301;Vivian;sail;645;12/6/12;234,321
302;Allison;speed;362;12/7/12;280,852
303;Brent;speed;1387;12/8/12;225,421
304;Todd;banana;58;12/8/12;283,938
305;Harry;sail;865;12/9/12;219,193
306;Chris;speed;276;12/10/12;156,72
307;Allison;speed;452;12/11/12;181,703
308;Joseph;house;581;12/11/12;128,724
309;Lewis;speed;1096;12/13/12;188,158
310;Ricky;sail;1847;12/13/12;261,431
311;Melissa;sail;843;12/14/12;150,331
312;Alfred;sail;749;12/15/12;223,971
313;Lee;sail;1401;12/15/12;232,398
314;Albert;house;1029;12/15/12;322,784
315;Helen;speed;934;12/16/12;138,01
316;Charlotte;banana;632;12/16/12;145,922
317;Karl;banana;504;12/16/12;146,835
318;Erik;sail;1358;12/16/12;235,012
319;Claudia;sail;1909;12/18/12;179,6
320;Miriam;house;131;12/18/12;180,259
321;Kevin;sail;504;12/19/12;234,981
322;Brad;house;385;12/19/12;60,7736
323;Kathleen;speed;1710;12/19/12;174,218
324;Chris;sail;1269;12/19/12;164,067
325;Jennifer;banana;210;12/20/12;173,608
326;Melinda;house;678;12/20/12;173,357
327;Jane;sail;1572;12/21/12;167,156
328;Allen;banana;1747;12/21/12;250,432
329;Caroline;banana;1543;12/21/12;252,676
330;Samantha;sail;647;12/23/12;194,59
331;Tim;speed;304;12/24/12;76,2919
332;Gladys;speed;1114;12/25/12;133,849
333;Martha;sail;47;12/25/12;263,222
334;Ken;banana;526;12/25/12;227,783
335;Hugh;sail;3;12/25/12;184,235
336;Janet;sail;439;12/25/12;176,405
337;Christopher;yacht;1564;12/25/12;221,643
338;Stephanie;sail;1789;12/28/12;259,394
339;Sandra;banana;694;12/29/12;224,406
340;Kyle;sail;416;12/29/12;165,293
341;Linda;yacht;164;12/29/12;139,244
342;Cecil;sail;1360;12/29/12;248,169
343;Gina;speed;99;12/29/12;281,253
344;Ann;yacht;814;12/31/12;363,467
345;Caroline;banana;1846;12/31/12;255,519
346;Laurence;house;523;12/31/12;258,661
347;Marsha;banana;243;12/31/12;202,416
348;Frances;sail;393;1/1/13;226,872
349;Gayle;house;1827;1/1/13;132,751
350;Ray;sail;931;1/1/13;161,354
351;Debbie;sail;2088;1/2/13;149,055
352;Jay;sail;1241;1/2/13;249,641
353;Adam;sail;1110;1/2/13;248,781
354;David;speed;2149;1/2/13;330,872
355;Lillian;sail;171;1/2/13;159,345
356;Ruth;sail;1946;1/3/13;275,131
357;Harry;banana;1162;1/4/13;251,894
358;Todd;sail;203;1/4/13;248,225
359;Tracy;sail;958;1/4/13;142,47
360;Earl;sail;2274;1/5/13;226,286
361;Gregory;speed;1812;1/5/13;76,4299
362;Kristina;speed;1164;1/6/13;206,225
363;Virginia;sail;1346;1/6/13;222,354
364;Laurie;speed;269;1/7/13;209,84
365;Jack;sail;573;1/7/13;291,957
366;Curtis;house;1021;1/8/13;197,795
367;Kurt;yacht;334;1/8/13;191,673
368;Molly;house;35;1/8/13;302,953
369;Barry;house;1836;1/9/13;276,381
370;Jose;house;2022;1/10/13;197,699
371;Gladys;speed;751;1/10/13;168,538
372;Dorothy;house;1219;1/10/13;217,873
373;Christian;sail;969;1/10/13;288,823
374;Jackie;sail;809;1/11/13;130,647
375;Paul;sail;2024;1/11/13;183,142
376;Erica;sail;2259;1/12/13;205,16
377;Juan;sail;112;1/12/13;207,221
378;Eva;house;444;1/12/13;124,925
379;Max;sail;241;1/12/13;270,656
380;Michele;speed;45;1/12/13;157,935
381;Arnold;yacht;398;1/12/13;136,597
382;April;speed;1125;1/13/13;275,887
383;Eric;sail;1080;1/13/13;172,912
384;Joshua;speed;16;1/13/13;199,077
385;Gladys;speed;2253;1/13/13;163,611
386;Lewis;speed;2382;1/14/13;160,695
387;Ray;yacht;1153;1/14/13;96,9245
388;Cameron;speed;236;1/14/13;244,028
389;Lynda;sail;675;1/15/13;225,775
390;Kara;sail;929;1/16/13;231,519
391;Ross;sail;1988;1/16/13;161,015
392;LeRoy;speed;2339;1/16/13;117,422
393;Wallace;sail;974;1/16/13;192,427
394;Hilda;speed;902;1/17/13;187,889
395;Lynn;speed;1263;1/17/13;150,877
396;Bryan;speed;2022;1/17/13;155,561
397;Melanie;sail;1765;1/17/13;122,914
398;Phillip;sail;386;1/17/13;120,821
399;Marguerite;speed;2296;1/18/13;119,303
400;Gail;sail;383;1/19/13;126,775
401;Deborah;sail;596;1/19/13;146,919
402;Miriam;house;617;1/19/13;120,546
403;Leslie;speed;828;1/19/13;204,347
404;Harvey;house;176;1/20/13;145,766
405;Rick;speed;1035;1/20/13;240,608
406;Shannon;speed;1015;1/20/13;180,39
407;Steve;speed;1213;1/20/13;164,451
408;Glenda;sail;55;1/20/13;236,992
409;Scott;sail;286;1/21/13;227,973
410;Gretchen;speed;822;1/21/13;210,04
411;Ray;yacht;1133;1/22/13;199,991
412;Marilyn;speed;1255;1/22/13;220,983
413;Carla;sail;2144;1/22/13;230,557
414;Monica;speed;1626;1/23/13;166,403
415;Angela;speed;286;1/23/13;199,492
416;Gilbert;sail;1745;1/23/13;220,397
417;Eddie;banana;1256;1/23/13;157,84
418;Kristin;banana;638;1/23/13;183,443
419;Cecil;sail;1709;1/23/13;226,566
420;Melanie;banana;1627;1/23/13;282,748
421;Kay;sail;1810;1/24/13;207,43
422;Arlene;sail;2148;1/24/13;273,722
423;Diana;speed;786;1/24/13;223,358
424;Jonathan;speed;866;1/24/13;223,519
425;Rachel;speed;2058;1/24/13;274,995
426;Crystal;speed;475;1/25/13;327,013
427;Anna;yacht;732;1/26/13;282,196
428;Nicholas;house;1855;1/26/13;152,649
429;Keith;sail;447;1/27/13;185,269
430;Thomas;sail;1494;1/28/13;115,81
431;Lloyd;house;1586;1/28/13;240,359
432;Edna;sail;772;1/28/13;94,0485
433;Jenny;sail;547;1/28/13;240,191
434;Willie;yacht;1534;1/28/13;176,49
435;Stacey;sail;1105;1/29/13;185,007
436;Kara;speed;510;1/29/13;241,659
437;Clara;speed;2021;1/29/13;118,523
438;Bobby;sail;223;1/29/13;209,813
439;Juan;speed;57;1/29/13;78,0223
440;Joanne;sail;2319;1/30/13;164,85
441;Eleanor;sail;2424;1/30/13;70,3851
442;Glenn;house;836;1/31/13;171,481
443;Lee;speed;8;1/31/13;352,838
444;Allen;sail;2756;1/31/13;262,733
445;Donna;speed;283;1/31/13;194,863
446;Carol;sail;2399;2/1/13;143,188
447;Rose;sail;1603;2/1/13;241,774
448;Alison;house;13;2/1/13;180,365
449;Roger;sail;2791;2/1/13;207,761
450;Justin;sail;1790;2/1/13;260,948
451;Sarah;speed;1830;2/1/13;102,577
452;Alison;sail;1504;2/1/13;149,391
453;Peter;speed;365;2/2/13;216,88
454;Roberta;speed;1175;2/2/13;259,5
455;Wendy;speed;2727;2/3/13;155,331
456;Debra;sail;2715;2/3/13;186,294
457;Jackie;house;2046;2/3/13;78,8965
458;Sandra;speed;2031;2/3/13;144,968
459;Stephanie;sail;1614;2/3/13;111,339
460;Shawn;speed;1489;2/3/13;382,366
461;Maureen;sail;2477;2/5/13;256,987
462;Timothy;house;908;2/5/13;151,943
463;Doris;yacht;1711;2/5/13;163,833
464;Alex;speed;1520;2/5/13;183,888
465;Jeff;speed;2857;2/6/13;169,199
466;Brad;speed;928;2/6/13;88,4509
467;Fred;speed;2257;2/7/13;183,803
468;Victoria;banana;891;2/7/13;335,533
469;Dean;sail;164;2/7/13;194,586
470;Renee;speed;1429;2/7/13;179,277
471;Brent;yacht;283;2/8/13;208,123
472;Ronnie;sail;914;2/8/13;232,636
473;Melvin;yacht;585;2/8/13;186,211
474;Sandra;house;1057;2/8/13;203,816
475;Joanna;speed;622;2/8/13;205,703
476;Max;speed;916;2/9/13;135,168
477;Jessica;banana;2081;2/9/13;196,752
478;Phillip;sail;1355;2/9/13;271,298
479;Katie;yacht;775;2/9/13;134,737
480;Anne;yacht;1380;2/11/13;207,837
481;Jesse;sail;2289;2/11/13;221,842
482;John;speed;1295;2/11/13;175,211
483;Pamela;sail;988;2/12/13;189,271
484;Vickie;speed;58;2/12/13;142,111
485;James;speed;1779;2/13/13;253,579
486;Lois;speed;537;2/13/13;167,151
487;Irene;sail;518;2/13/13;185,27
488;Brett;banana;2002;2/13/13;147,114
489;Rosemary;sail;407;2/14/13;216,33
490;Vanessa;sail;1127;2/14/13;284,516
491;Claudia;yacht;2436;2/14/13;292,345
492;Stanley;house;2606;2/15/13;291,934
493;Earl;banana;1615;2/15/13;195,149
494;Tim;sail;2178;2/16/13;167,365
495;Louis;speed;1087;2/16/13;146,208
496;Judith;house;324;2/16/13;260,032
497;Jeremy;house;685;2/16/13;215,267
498;Gretchen;speed;1861;2/16/13;72,0536
499;Brett;sail;1685;2/17/13;95,8359
500;Lois;speed;2225;2/18/13;158,765
501;Alvin;speed;2922;2/18/13;127,805
502;Lauren;banana;1980;2/18/13;221,042
503;Jennifer;sail;926;2/18/13;283,155
504;Terri;speed;1497;2/19/13;191,388
505;Jonathan;sail;2564;2/19/13;166,533
506;Lori;sail;1555;2/19/13;41,1047
507;Constance;sail;920;2/19/13;136,747
508;Sarah;sail;2088;2/19/13;265,139
509;Bob;sail;2866;2/19/13;131,585
510;Carl;sail;1421;2/20/13;207,555
511;Joshua;sail;2523;2/20/13;249,398
512;Tiffany;sail;603;2/21/13;131,172
513;William;speed;1563;2/21/13;116,531
514;Lester;speed;1080;2/21/13;147,484
515;Earl;sail;1431;2/22/13;182,853
516;Priscilla;sail;1879;2/22/13;190,377
517;Mary;sail;1673;2/22/13;103,017
518;Danny;speed;939;2/23/13;269,024
519;Ricky;yacht;2381;2/23/13;204,893
520;Keith;speed;2374;2/23/13;258,93
521;Glenn;speed;1752;2/23/13;106,283
522;Benjamin;speed;2390;2/24/13;221,732
523;Kurt;banana;1369;2/26/13;233,039
524;Mary;house;92;2/26/13;214,787
525;Nathan;sail;339;2/26/13;202,427
526;Esther;speed;914;2/26/13;191,792
527;Vincent;sail;3195;2/26/13;372,558
528;Brad;yacht;2361;2/26/13;163,072
529;Amy;sail;80;2/26/13;218,476
530;Sam;sail;812;2/26/13;180,981
531;Gordon;speed;2663;2/27/13;193,194
532;Jack;speed;912;2/28/13;192,14
533;Penny;sail;29;3/1/13;264,853
534;Karl;sail;1331;3/1/13;222,19
535;Terri;speed;1080;3/2/13;155,623
536;Victoria;sail;787;3/2/13;195,413
537;Courtney;speed;700;3/3/13;81,9603
538;Gwendolyn;sail;1586;3/3/13;131,979
539;Brett;speed;324;3/4/13;215,187
540;Penny;sail;1612;3/4/13;217,321
541;Ellen;sail;1670;3/4/13;115,449
542;Judith;sail;2731;3/4/13;171,634
543;Jeff;speed;3034;3/5/13;126,486
544;Leroy;sail;2745;3/6/13;323,085
545;Luis;speed;1849;3/6/13;238,423
546;Dawn;house;768;3/6/13;146,604
547;Phillip;sail;1438;3/6/13;214,065
548;Eric;yacht;993;3/7/13;301,422
549;Hazel;speed;235;3/7/13;182,632
550;Louis;house;223;3/7/13;264,153
551;Katie;banana;2608;3/7/13;194,294
552;Phillip;house;582;3/7/13;143,706
553;Raymond;sail;1954;3/7/13;163,292
554;Larry;sail;1821;3/8/13;288,009
555;Sarah;sail;873;3/8/13;218,41
556;Anita;speed;983;3/8/13;188,426
557;Melinda;house;882;3/8/13;257,928
558;Jeanne;speed;2945;3/9/13;160,931
559;Jackie;speed;3228;3/9/13;229,155
560;Leo;sail;2472;3/10/13;247,845
561;Billie;speed;2042;3/11/13;180,808
562;Jessie;speed;691;3/11/13;248,424
563;Melinda;sail;193;3/11/13;257,003
564;Melanie;house;1978;3/11/13;230,721
565;Wendy;banana;2780;3/11/13;175,559
566;Alicia;speed;1712;3/11/13;179,535
567;Vernon;house;922;3/12/13;137,855
568;Michele;yacht;2945;3/12/13;177,775
569;Clyde;sail;457;3/12/13;195,712
570;Sherry;sail;2243;3/12/13;132,702
571;Susan;house;84;3/12/13;168,496
572;Darlene;banana;262;3/12/13;235,377
573;Carmen;banana;2646;3/12/13;236,233
574;Faye;sail;196;3/13/13;119,263
575;Rhonda;house;1301;3/13/13;188,92
576;Jimmy;sail;1395;3/13/13;218,765
577;Jeffrey;sail;902;3/14/13;190,561
578;Bobby;speed;2296;3/14/13;319,582
579;Christy;house;1408;3/14/13;144,158
580;Brent;speed;1632;3/14/13;212,285
581;Carl;speed;66;3/14/13;146,764
582;Floyd;speed;3417;3/14/13;189,904
583;Audrey;speed;2324;3/15/13;159,055
584;Vicki;banana;552;3/15/13;310,699
585;Paul;yacht;1129;3/15/13;111,709
586;Ian;sail;1005;3/16/13;122,413
587;Danielle;sail;1821;3/16/13;285,127
588;Lori;speed;214;3/16/13;205,474
589;Crystal;sail;1684;3/16/13;206,864
590;Sharon;speed;2053;3/17/13;264,818
591;Nancy;sail;68;3/17/13;93,1457
592;Kyle;speed;3511;3/17/13;301,949
593;Eva;yacht;968;3/17/13;120,666
594;Mitchell;speed;116;3/18/13;190,031
595;Juanita;sail;2237;3/18/13;177,226
596;Bernice;sail;1915;3/19/13;192,476
597;Judy;banana;3233;3/19/13;147,921
598;Eleanor;sail;3018;3/19/13;157,552
599;Audrey;yacht;1453;3/19/13;199,091
600;Jay;speed;1392;3/19/13;165,826
601;Anna;sail;3308;3/19/13;336,466
602;Don;sail;559;3/20/13;216,266
603;Nelson;sail;1696;3/20/13;158,23
604;Sharon;sail;2761;3/20/13;178,465
605;Crystal;sail;1017;3/20/13;155,997
606;George;sail;1264;3/20/13;199,588
607;Michael;house;2389;3/21/13;248,109
608;Kristina;sail;2434;3/21/13;160,357
609;Judith;speed;1536;3/21/13;162,224
610;Cameron;sail;2209;3/21/13;127,345
611;Esther;speed;1558;3/21/13;193,707
612;Amanda;sail;349;3/21/13;200,191
613;Jessica;yacht;3550;3/21/13;213,428
614;Suzanne;sail;251;3/22/13;125,339
615;Jeremy;speed;104;3/22/13;71,4496
616;Danny;sail;3244;3/22/13;164,603
617;Thelma;speed;1076;3/23/13;177,542
618;Ashley;speed;2963;3/23/13;244,842
619;Howard;sail;3689;3/23/13;261,888
620;Marjorie;sail;353;3/23/13;229,558
621;Steve;sail;2483;3/23/13;259,51
622;Fred;speed;485;3/23/13;317,514
623;Gordon;sail;1715;3/25/13;265,02
624;Leroy;banana;1391;3/25/13;244,831
625;Don;house;3167;3/25/13;171,43
626;Kent;sail;2087;3/26/13;167,705
627;Walter;speed;2908;3/26/13;249,301
628;Jesse;speed;449;3/26/13;195,878
629;Esther;speed;2746;3/26/13;131,741
630;Stephanie;sail;3345;3/26/13;122,697
631;Malcolm;sail;1346;3/27/13;176,235
632;Jonathan;sail;1124;3/27/13;194,451
633;Floyd;speed;3401;3/27/13;176,52
634;Cynthia;banana;408;3/27/13;211,665
635;Walter;speed;3763;3/27/13;212,294
636;Melvin;sail;3793;3/27/13;354,491
637;Richard;sail;1332;3/27/13;227,971
638;Nina;house;2157;3/27/13;44,7913
639;Neal;sail;3662;3/27/13;252,473
640;Alex;sail;3317;3/28/13;209,719
641;Ralph;house;2717;3/28/13;220,754
642;Caroline;speed;165;3/28/13;261,15
643;Victoria;banana;1765;3/28/13;222,862
644;Jacqueline;speed;3491;3/28/13;251,408
645;Faye;sail;2079;3/29/13;204,888
646;Kathryn;speed;2554;3/29/13;174,473
647;Anna;sail;1365;3/30/13;96,4477
648;Barry;sail;3286;3/30/13;306,677
649;Tina;banana;3250;3/30/13;219,052
650;Todd;speed;3742;3/30/13;279,1
651;Gail;speed;1998;3/31/13;221,982
652;Neal;sail;15;3/31/13;102,574
653;Bob;speed;2713;3/31/13;263,267
654;Toni;yacht;2906;3/31/13;312,106
655;Kimberly;speed;3659;3/31/13;162,555
656;Zachary;speed;2843;4/1/13;158,27
657;Theresa;speed;1237;4/2/13;108,011
658;Sarah;sail;944;4/2/13;165,998
659;Lori;speed;153;4/3/13;225,047
660;Yvonne;house;3559;4/3/13;73,7495
661;Neal;banana;3601;4/3/13;277,731
662;Dean;sail;613;4/3/13;124,142
663;Ashley;sail;830;4/3/13;237,227
664;Wayne;yacht;2940;4/3/13;245,845
665;Maxine;house;678;4/3/13;273,275
666;Diane;house;3769;4/3/13;224,711
667;Sheryl;yacht;1494;4/3/13;201,243
668;Gilbert;banana;1769;4/3/13;301,767
669;Ryan;sail;524;4/3/13;268,472
670;Toni;speed;1046;4/4/13;291,924
671;Alan;sail;1282;4/4/13;207,192
672;Roy;sail;1498;4/4/13;173,753
673;Natalie;speed;3130;4/4/13;170,464
674;Kathy;sail;1726;4/4/13;241,12
675;Lindsay;speed;1671;4/4/13;259,772
676;Molly;sail;3721;4/4/13;198,971
677;Tara;speed;575;4/4/13;259,3
678;Kathleen;yacht;2790;4/5/13;157,648
679;Joann;sail;2100;4/5/13;198,82
680;Kate;sail;2566;4/5/13;183,882
681;Vanessa;sail;1960;4/5/13;269,889
682;Claire;sail;2587;4/5/13;251,075
683;Michael;house;2467;4/5/13;147,533
684;Kay;house;1801;4/6/13;254,915
685;Shirley;speed;1421;4/6/13;203,465
686;Marjorie;sail;2156;4/6/13;256,062
687;Lee;speed;4043;4/6/13;203,681
688;Mitchell;speed;2362;4/6/13;98,4783
689;Dennis;banana;2744;4/6/13;204,05
690;Allison;house;2683;4/6/13;228,96
691;Maurice;sail;1028;4/7/13;197,936
692;Linda;speed;3126;4/7/13;274,793
693;Jerome;yacht;970;4/7/13;240,012
694;Ian;sail;1251;4/8/13;228,447
695;Shirley;yacht;277;4/8/13;77,7782
696;Frances;banana;2138;4/8/13;166,838
697;Danielle;yacht;3752;4/8/13;194,196
698;Michael;speed;1675;4/8/13;224,368
699;Kenneth;yacht;3850;4/8/13;186,373
700;Frances;sail;851;4/9/13;166,951
701;Hazel;speed;1605;4/9/13;233,203
702;Fred;house;2478;4/9/13;286,457
703;Gilbert;speed;677;4/9/13;237,351
704;Clarence;yacht;1989;4/9/13;238,822
705;Hugh;banana;2682;4/10/13;149,774
706;Kay;sail;244;4/10/13;300,945
707;Fred;speed;1706;4/10/13;260,461
708;Karen;speed;4019;4/10/13;168,42
709;Marian;banana;4055;4/10/13;151,347
710;Melvin;speed;1702;4/10/13;78,3001
711;Renee;sail;1369;4/10/13;251,047
712;Ron;sail;696;4/10/13;164,362
713;Joe;sail;2209;4/10/13;181,777
714;Lester;sail;1082;4/11/13;44,9982
715;Marilyn;banana;1546;4/11/13;162,995
716;Paige;speed;2991;4/11/13;123,609
717;Chris;sail;349;4/11/13;255,776
718;Diana;sail;2953;4/11/13;325,272
719;Erin;speed;3382;4/11/13;196,702
720;Sue;sail;917;4/12/13;201,256
721;Brad;yacht;719;4/12/13;217,833
722;Dianne;speed;1349;4/12/13;165,006
723;Brandon;banana;2064;4/12/13;154,478
724;Joseph;sail;2201;4/12/13;135,951
725;Darlene;banana;1687;4/12/13;203,43
726;Lucille;sail;3836;4/12/13;230,087
727;Derek;speed;3289;4/12/13;340,801
728;Don;sail;3024;4/13/13;146,061
729;Kathryn;house;673;4/13/13;231,762
730;Jon;house;745;4/13/13;157,829
731;Molly;house;3912;4/13/13;205,156
732;Rita;house;1431;4/14/13;199,533
733;Katharine;sail;3565;4/14/13;173,328
734;Eva;speed;2429;4/14/13;264,05
735;Samantha;speed;2485;4/14/13;277,651
736;Derek;sail;3620;4/14/13;137,052
737;Jose;speed;572;4/14/13;238,001
738;Elsie;yacht;1478;4/14/13;244,88
739;Lloyd;banana;2638;4/14/13;274,466
740;Tracey;speed;3760;4/14/13;130,765
741;Brian;house;257;4/15/13;207,525
742;Elizabeth;speed;1854;4/15/13;233,339
743;Sharon;sail;3878;4/15/13;253,425
744;Judy;sail;2561;4/15/13;164,983
745;Brett;sail;518;4/15/13;168,276
746;Jon;yacht;3388;4/15/13;162,737
747;Theresa;house;1639;4/15/13;297,146
748;Alex;speed;2362;4/15/13;259,322
749;Matthew;speed;3961;4/16/13;89,3381
750;Marlene;speed;110;4/16/13;236,746
751;Christy;speed;755;4/16/13;167,349
752;Jessica;sail;3981;4/16/13;142,866
753;Vickie;yacht;2577;4/16/13;245,096
754;Juan;sail;1816;4/16/13;205,986
755;Sandra;speed;228;4/16/13;174,518
756;Barry;speed;1315;4/16/13;228,587
757;Arthur;sail;3132;4/16/13;194,459
758;Joy;sail;2316;4/16/13;211,399
759;Maurice;sail;259;4/16/13;109,162
760;Florence;sail;1004;4/17/13;204,634
761;Edward;speed;1848;4/17/13;233,264
762;Joanne;speed;50;4/17/13;227,269
763;Elaine;house;4242;4/18/13;160,567
764;Joanna;sail;1099;4/18/13;181,656
765;Andrew;sail;838;4/18/13;79,6703
766;Carlos;house;1823;4/19/13;171,038
767;Keith;speed;1418;4/19/13;154,098
768;Jeanne;sail;2773;4/20/13;228,327
769;Arthur;sail;2333;4/20/13;186,714
770;Warren;speed;732;4/20/13;187,941
771;Evelyn;speed;132;4/20/13;167,213
772;Don;speed;3817;4/20/13;160,966
773;Henry;sail;931;4/20/13;153,799
774;Valerie;speed;2965;4/21/13;156,193
775;Laura;speed;1871;4/21/13;174,88
776;Eric;sail;2083;4/21/13;304,37
777;Scott;sail;2725;4/21/13;183,511
778;Ray;sail;4251;4/21/13;177,993
779;Rodney;sail;223;4/21/13;244,548
780;Dolores;sail;325;4/21/13;184,514
781;Betsy;sail;3640;4/21/13;232,079
782;Holly;sail;2834;4/21/13;230,698
783;Tammy;speed;1167;4/22/13;176,092
784;Nina;house;3733;4/22/13;205,817
785;Mike;yacht;2348;4/22/13;193,365
786;Samuel;banana;304;4/22/13;109,632
787;Phillip;sail;2017;4/22/13;141,415
788;April;sail;3348;4/23/13;214,944
789;Toni;sail;1044;4/23/13;207,416
790;Alex;sail;869;4/23/13;189,269
791;Bruce;sail;645;4/23/13;224,285
792;Arnold;sail;2276;4/23/13;181,71
793;Rodney;speed;550;4/23/13;196,942
794;Shawn;sail;2078;4/23/13;186,095
795;Irene;speed;720;4/23/13;291,538
796;Geoffrey;sail;3430;4/23/13;167,506
797;Louise;speed;3014;4/23/13;256,061
798;Donald;sail;570;4/23/13;175,343
799;Gilbert;sail;652;4/23/13;294,646
800;Marguerite;speed;3731;4/23/13;227,214
801;Stuart;speed;2445;4/24/13;304,77
802;Nicole;sail;1246;4/24/13;278,713
803;Lawrence;sail;32;4/24/13;207,319
804;Timothy;speed;2468;4/24/13;154,147
805;Stuart;sail;1289;4/25/13;219,538
806;Betsy;banana;3032;4/25/13;180,746
807;Robyn;sail;72;4/25/13;193,726
808;Nelson;yacht;2229;4/25/13;334,507
809;Allan;yacht;2416;4/25/13;95,6284
810;Shelley;house;1799;4/25/13;122,55
811;Marsha;sail;2945;4/26/13;212,99
812;Tommy;sail;3460;4/26/13;165,033
813;Kyle;house;951;4/26/13;225,833
814;Dolores;speed;3595;4/26/13;287,455
815;Erika;sail;3476;4/26/13;204,866
816;Carl;speed;1126;4/26/13;306,374
817;Jill;yacht;528;4/27/13;269,718
818;Roy;speed;1827;4/27/13;140,889
819;Johnny;sail;1267;4/27/13;229,211
820;Gretchen;speed;3;4/27/13;196,987
821;Evan;sail;2426;4/28/13;123,392
822;Stanley;sail;3743;4/28/13;155,487
823;Elsie;house;613;4/28/13;249,377
824;Eric;speed;923;4/28/13;242,467
825;Gary;sail;1735;4/28/13;205,829
826;Rhonda;speed;2883;4/28/13;165,62
827;George;sail;1303;4/28/13;64,3833
828;Danielle;house;1589;4/28/13;329,481
829;Max;sail;999;4/29/13;264,603
830;Jose;speed;799;4/29/13;299,021
831;Gretchen;speed;818;4/30/13;146,391
832;Kate;yacht;1353;5/1/13;108,288
833;Megan;yacht;991;5/1/13;103,19
834;Nicole;speed;179;5/1/13;123,577
835;Jenny;speed;2562;5/2/13;220,446
836;Lauren;banana;2100;5/3/13;220,449
837;Gloria;sail;2237;5/3/13;208,21
838;Vernon;speed;230;5/4/13;289,201
839;Gladys;yacht;3706;5/4/13;371,576
840;Milton;speed;1542;5/4/13;303,486
841;Justin;sail;4004;5/4/13;212,522
842;Sheryl;sail;4412;5/5/13;241,87
843;April;speed;2117;5/5/13;103,557
844;Jason;banana;338;5/5/13;178,532
845;Stacy;banana;1283;5/5/13;130,104
846;Jesse;yacht;229;5/5/13;51,8986
847;Lynda;sail;3791;5/5/13;131,749
848;Joy;banana;3199;5/5/13;206,642
849;Patsy;sail;3285;5/5/13;172,167
850;Sarah;speed;642;5/6/13;194,355
851;Donald;speed;1412;5/6/13;206,854
852;Glenda;house;1576;5/6/13;146,029
853;Evan;sail;4261;5/6/13;160,391
854;Jeanne;banana;4033;5/6/13;244,621
855;Donald;speed;2187;5/6/13;169,807
856;Brenda;speed;231;5/6/13;129,426
857;Gregory;speed;3003;5/6/13;127,45
858;Teresa;sail;3607;5/7/13;155,241
859;Kara;yacht;3963;5/7/13;213,136
